1970-01-01T01:00:00,User-1,Case-User-1-1,Move to Workplace
1970-01-01T01:00:00,User-2,Case-User-2-1,Move to Coffee Area
1970-01-01T01:00:00,User-3,Case-User-3-1,Move to Coffee Area
1970-01-01T01:00:00,User-4,Case-User-4-1,Move to Meeting Room
1970-01-01T01:00:00,User-5,Case-User-5-1,Move to Coffee Area
1970-01-01T01:17:00,User-1,Case-User-1-1,Move to Meeting Room
1970-01-01T01:24:00,User-4,Case-User-4-1,Move to Workplace
1970-01-01T01:27:00,User-2,Case-User-2-1,Move to Workplace
1970-01-01T01:29:00,User-3,Case-User-3-1,Move to Meeting Room
1970-01-01T01:32:00,User-1,Case-User-1-1,Move to Meeting Room
1970-01-01T01:38:00,User-5,Case-User-5-1,Move to Coffee Area
1970-01-01T01:52:00,User-4,Case-User-4-1,Move to Coffee Area
1970-01-01T02:01:00,User-2,Case-User-2-1,Move to Coffee Area
1970-01-01T02:02:00,User-1,Case-User-1-1,Move to Coffee Area
1970-01-01T02:04:00,User-5,Case-User-5-1,Move to Workplace
1970-01-01T02:11:00,User-3,Case-User-3-1,Move to Coffee Area
1970-01-01T02:20:00,User-2,Case-User-2-1,Move to Workplace
1970-01-01T02:28:00,User-4,Case-User-4-1,Move to Meeting Room
1970-01-01T02:29:00,User-1,Case-User-1-1,Take coffee
1970-01-01T02:29:00,User-1,Case-User-1-1,Increased heart rate
1970-01-01T02:33:00,User-5,Case-User-5-1,Move to Workplace
1970-01-01T02:34:00,User-1,Case-User-1-1,Move to Workplace
1970-01-01T02:34:00,User-3,Case-User-3-1,Move to Workplace
1970-01-01T02:51:00,User-5,Case-User-5-1,Move to Workplace
1970-01-01T02:56:00,User-2,Case-User-2-1,Move to Coffee Area
1970-01-01T02:57:00,User-4,Case-User-4-1,Move to Coffee Area
1970-01-01T03:00:00,User-3,Case-User-3-1,Move to Coffee Area
1970-01-01T03:04:00,User-4,Case-User-4-1,Take coffee
1970-01-01T03:04:00,User-4,Case-User-4-1,Increased heart rate
1970-01-01T03:09:00,User-1,Case-User-1-1,Move to Workplace
1970-01-01T03:09:00,User-5,Case-User-5-1,Move to Coffee Area
1970-01-01T03:26:00,User-3,Case-User-3-1,Move to Workplace
1970-01-01T03:28:00,User-4,Case-User-4-1,Move to Meeting Room
1970-01-01T03:38:00,User-5,Case-User-5-1,Move to Coffee Area
1970-01-01T03:39:00,User-2,Case-User-2-1,Move to Coffee Area
1970-01-01T03:44:00,User-1,Case-User-1-1,Move to Meeting Room
1970-01-01T04:07:00,User-3,Case-User-3-1,Move to Workplace
1970-01-01T04:11:00,User-4,Case-User-4-1,Move to Meeting Room
1970-01-01T04:22:00,User-2,Case-User-2-1,Move to Workplace
1970-01-01T04:23:00,User-5,Case-User-5-1,Move to Coffee Area
1970-01-01T04:28:00,User-1,Case-User-1-1,Move to Coffee Area
1970-01-01T04:30:00,User-4,Case-User-4-1,Move to Meeting Room
1970-01-01T04:37:00,User-3,Case-User-3-1,Move to Coffee Area
1970-01-01T04:52:00,User-1,Case-User-1-1,Move to Coffee Area
1970-01-01T05:05:00,User-2,Case-User-2-1,Move to Coffee Area
1970-01-01T05:08:00,User-5,Case-User-5-1,Move to Coffee Area
1970-01-01T05:13:00,User-3,Case-User-3-1,Move to Workplace
1970-01-01T05:14:00,User-4,Case-User-4-1,Move to Workplace
1970-01-01T05:14:00,User-1,Case-User-1-1,Move to Workplace
1970-01-01T05:36:00,User-1,Case-User-1-1,Move to Meeting Room
1970-01-01T05:42:00,User-4,Case-User-4-1,Move to Workplace
1970-01-01T05:49:00,User-2,Case-User-2-1,Move to Meeting Room
1970-01-01T05:49:00,User-5,Case-User-5-1,Move to Coffee Area
1970-01-01T05:56:00,User-3,Case-User-3-1,Move to Meeting Room
1970-01-01T05:56:00,User-1,Case-User-1-1,Move to Workplace
1970-01-01T06:08:00,User-5,Case-User-5-1,Move to Workplace
1970-01-01T06:13:00,User-4,Case-User-4-1,Move to Coffee Area
1970-01-01T06:29:00,User-3,Case-User-3-1,Move to Meeting Room
1970-01-01T06:33:00,User-2,Case-User-2-1,Move to Meeting Room
1970-01-01T06:36:00,User-1,Case-User-1-1,Move to Meeting Room
1970-01-01T06:44:00,User-5,Case-User-5-1,Move to Coffee Area
1970-01-01T06:53:00,User-4,Case-User-4-1,Move to Meeting Room
1970-01-01T07:01:00,User-3,Case-User-3-1,Move to Meeting Room
1970-01-01T07:02:00,User-5,Case-User-5-1,Move to Meeting Room
1970-01-01T07:03:00,User-1,Case-User-1-1,Move to Workplace
1970-01-01T07:06:00,User-2,Case-User-2-1,Move to Workplace
1970-01-01T07:18:00,User-5,Case-User-5-1,Move to Workplace
1970-01-01T07:25:00,User-2,Case-User-2-1,Move to Workplace
1970-01-01T07:34:00,User-4,Case-User-4-1,Move to Workplace
1970-01-01T07:40:00,User-1,Case-User-1-1,Move to Meeting Room
1970-01-01T07:45:00,User-5,Case-User-5-1,Move to Workplace
1970-01-01T07:46:00,User-3,Case-User-3-1,Move to Workplace
1970-01-01T08:00:00,User-2,Case-User-2-1,Move to Meeting Room
1970-01-01T08:02:00,User-1,Case-User-1-1,Move to Meeting Room
1970-01-01T08:07:00,User-4,Case-User-4-1,Move to Coffee Area
1970-01-01T08:10:00,User-5,Case-User-5-1,Move to Meeting Room
1970-01-01T08:17:00,User-1,Case-User-1-1,Move to Workplace
1970-01-01T08:23:00,User-3,Case-User-3-1,Move to Meeting Room
1970-01-01T08:28:00,User-2,Case-User-2-1,Move to Coffee Area
1970-01-01T08:36:00,User-4,Case-User-4-1,Move to Meeting Room
1970-01-01T08:40:00,User-3,Case-User-3-1,Move to Meeting Room
1970-01-01T08:45:00,User-2,Case-User-2-1,Move to Workplace
1970-01-01T08:55:00,User-5,Case-User-5-1,Move to Meeting Room
1970-01-01T08:59:00,User-3,Case-User-3-1,Move to Coffee Area
1970-01-01T09:01:00,User-1,Case-User-1-1,Move to Workplace
1970-01-01T09:02:00,User-4,Case-User-4-1,Move to Meeting Room
1970-01-01T09:17:00,User-2,Case-User-2-1,Move to Coffee Area
1970-01-01T09:20:00,User-5,Case-User-5-1,Move to Coffee Area
1970-01-01T09:22:00,User-3,Case-User-3-1,Move to Workplace
1970-01-01T09:38:00,User-1,Case-User-1-1,Move to Coffee Area
1970-01-01T09:40:00,User-3,Case-User-3-1,Move to Meeting Room
1970-01-01T09:46:00,User-4,Case-User-4-1,Move to Meeting Room
1970-01-01T09:46:00,User-5,Case-User-5-1,Move to Meeting Room
1970-01-01T09:49:00,User-2,Case-User-2-1,Move to Meeting Room
1970-01-01T10:00:00,User-3,Case-User-3-1,Move to Workplace
1970-01-01T10:05:00,User-1,Case-User-1-1,Move to Meeting Room
1970-01-01T10:14:00,User-2,Case-User-2-1,Move to Workplace
1970-01-01T10:21:00,User-4,Case-User-4-1,Move to Coffee Area
1970-01-01T10:27:00,User-3,Case-User-3-1,Move to Coffee Area
1970-01-01T10:31:00,User-5,Case-User-5-1,Move to Meeting Room
1970-01-01T10:45:00,User-4,Case-User-4-1,Move to Workplace
1970-01-01T10:46:00,User-1,Case-User-1-1,Move to Meeting Room
1970-01-01T10:51:00,User-5,Case-User-5-1,Move to Workplace
1970-01-01T10:59:00,User-2,Case-User-2-1,Move to Workplace
1970-01-01T11:09:00,User-3,Case-User-3-1,Move to Workplace
1970-01-01T11:13:00,User-4,Case-User-4-1,Move to Coffee Area
1970-01-01T11:27:00,User-1,Case-User-1-1,Move to Coffee Area
1970-01-01T11:34:00,User-5,Case-User-5-1,Move to Workplace
1970-01-01T11:39:00,User-4,Case-User-4-1,Move to Meeting Room
1970-01-01T11:42:00,User-3,Case-User-3-1,Move to Meeting Room
1970-01-01T11:43:00,User-2,Case-User-2-1,Move to Workplace
1970-01-01T12:11:00,User-1,Case-User-1-1,Move to Workplace
1970-01-01T12:12:00,User-5,Case-User-5-1,Move to Workplace
1970-01-01T12:14:00,User-4,Case-User-4-1,Move to Meeting Room
1970-01-01T12:23:00,User-3,Case-User-3-1,Move to Meeting Room
1970-01-01T12:25:00,User-2,Case-User-2-1,Move to Coffee Area
1970-01-01T12:29:00,User-5,Case-User-5-1,Move to Coffee Area
1970-01-01T12:41:00,User-4,Case-User-4-1,Move to Coffee Area
1970-01-01T12:49:00,User-2,Case-User-2-1,Move to Workplace
1970-01-01T12:51:00,User-5,Case-User-5-1,Take coffee
1970-01-01T12:51:00,User-5,Case-User-5-1,Increased heart rate
1970-01-01T12:53:00,User-5,Case-User-5-1,Move to Coffee Area
1970-01-01T12:54:00,User-1,Case-User-1-1,Move to Workplace
1970-01-01T13:05:00,User-3,Case-User-3-1,Move to Coffee Area
1970-01-01T13:20:00,User-4,Case-User-4-1,Move to Workplace
1970-01-01T13:22:00,User-1,Case-User-1-1,Move to Meeting Room
1970-01-01T13:31:00,User-5,Case-User-5-1,Move to Workplace
1970-01-01T13:32:00,User-2,Case-User-2-1,Move to Workplace
1970-01-01T13:48:00,User-4,Case-User-4-1,Move to Workplace
1970-01-01T13:50:00,User-3,Case-User-3-1,Move to Workplace
1970-01-01T13:59:00,User-2,Case-User-2-1,Move to Meeting Room
1970-01-01T14:01:00,User-1,Case-User-1-1,Move to Workplace
1970-01-01T14:05:00,User-4,Case-User-4-1,Move to Coffee Area
1970-01-01T14:14:00,User-5,Case-User-5-1,Move to Meeting Room
1970-01-01T14:16:00,User-2,Case-User-2-1,Move to Meeting Room
1970-01-01T14:29:00,User-3,Case-User-3-1,Move to Coffee Area
1970-01-01T14:31:00,User-4,Case-User-4-1,Take coffee
1970-01-01T14:31:00,User-4,Case-User-4-1,Increased heart rate
1970-01-01T14:32:00,User-5,Case-User-5-1,Move to Coffee Area
1970-01-01T14:36:00,User-1,Case-User-1-1,Move to Meeting Room
1970-01-01T14:40:00,User-2,Case-User-2-1,Move to Meeting Room
1970-01-01T14:46:00,User-4,Case-User-4-1,Move to Workplace
1970-01-01T14:52:00,User-3,Case-User-3-1,Move to Workplace
1970-01-01T15:00:00,User-1,Case-User-1-1,Strong advice: Drink water now!
1970-01-01T15:00:00,User-2,Case-User-2-1,Strong advice: Drink water now!
1970-01-01T15:00:00,User-2,Case-User-2-1,Take water
1970-01-01T15:00:00,User-3,Case-User-3-1,Strong advice: Drink water now!
1970-01-01T15:00:00,User-3,Case-User-3-1,Take water
1970-01-01T15:00:00,User-4,Case-User-4-1,Strong advice: Drink water now!
1970-01-01T15:00:00,User-4,Case-User-4-1,Take water
1970-01-01T15:00:00,User-5,Case-User-5-1,Strong advice: Drink water now!
1970-01-01T15:00:00,User-5,Case-User-5-1,Take water
1970-01-01T15:08:00,User-5,Case-User-5-1,Move to Coffee Area
1970-01-01T15:10:00,User-1,Case-User-1-1,Move to Workplace
1970-01-01T15:17:00,User-2,Case-User-2-1,Move to Meeting Room
1970-01-01T15:23:00,User-3,Case-User-3-1,Move to Coffee Area
1970-01-01T15:24:00,User-4,Case-User-4-1,Move to Coffee Area
1970-01-01T15:32:00,User-5,Case-User-5-1,Take coffee
1970-01-01T15:32:00,User-5,Case-User-5-1,Increased heart rate
1970-01-01T15:37:00,User-5,Case-User-5-1,Move to Workplace
1970-01-01T15:43:00,User-1,Case-User-1-1,Move to Meeting Room
1970-01-01T15:56:00,User-2,Case-User-2-1,Move to Coffee Area
1970-01-01T15:56:00,User-3,Case-User-3-1,Move to Coffee Area
1970-01-01T15:56:00,User-4,Case-User-4-1,Move to Coffee Area
1970-01-01T16:00:00,User-1,Case-User-1-1,Strong advice: Drink water now!
1970-01-01T16:00:00,User-1,Case-User-1-1,Take water
1970-01-01T16:00:00,User-2,Case-User-2-1,Strong advice: Drink water now!
1970-01-01T16:00:00,User-2,Case-User-2-1,Take water
1970-01-01T16:00:00,User-3,Case-User-3-1,Strong advice: Drink water now!
1970-01-01T16:00:00,User-3,Case-User-3-1,Take water
1970-01-01T16:00:00,User-4,Case-User-4-1,Strong advice: Drink water now!
1970-01-01T16:00:00,User-4,Case-User-4-1,Take water
1970-01-01T16:00:00,User-5,Case-User-5-1,Strong advice: Drink water now!
1970-01-01T16:00:00,User-5,Case-User-5-1,Take water
1970-01-01T16:03:00,User-5,Case-User-5-1,Move to Coffee Area
1970-01-01T16:07:00,User-1,Case-User-1-1,Move to Meeting Room
1970-01-01T16:12:00,User-3,Case-User-3-1,Take coffee
1970-01-01T16:12:00,User-3,Case-User-3-1,Increased heart rate
1970-01-01T16:18:00,User-2,Case-User-2-1,Take coffee
1970-01-01T16:18:00,User-2,Case-User-2-1,Increased heart rate
1970-01-01T16:21:00,User-2,Case-User-2-1,Move to Coffee Area
1970-01-01T16:25:00,User-3,Case-User-3-1,Move to Meeting Room
1970-01-01T16:25:00,User-5,Case-User-5-1,Move to Coffee Area
1970-01-01T16:31:00,User-4,Case-User-4-1,Move to Workplace
1970-01-01T16:49:00,User-1,Case-User-1-1,Move to Coffee Area
1970-01-01T16:58:00,User-3,Case-User-3-1,Move to Coffee Area
1970-01-01T17:00:00,User-1,Case-User-1-1,Strong advice: Drink water now!
1970-01-01T17:00:00,User-1,Case-User-1-1,Take water
1970-01-01T17:00:00,User-2,Case-User-2-1,Strong advice: Drink water now!
1970-01-01T17:00:00,User-3,Case-User-3-1,Strong advice: Drink water now!
1970-01-01T17:00:00,User-3,Case-User-3-1,Take water
1970-01-01T17:00:00,User-4,Case-User-4-1,Strong advice: Drink water now!
1970-01-01T17:00:00,User-4,Case-User-4-1,Take water
1970-01-01T17:00:00,User-5,Case-User-5-1,Strong advice: Drink water now!
1970-01-01T17:00:00,User-5,Case-User-5-1,Take water
1970-01-01T17:01:00,User-5,Case-User-5-1,Move to Meeting Room
1970-01-01T17:04:00,User-4,Case-User-4-1,Move to Workplace
1970-01-01T17:06:00,User-2,Case-User-2-1,Move to Meeting Room
1970-01-01T17:12:00,User-1,Case-User-1-1,Move to Meeting Room
1970-01-01T17:30:00,User-5,Case-User-5-1,Move to Coffee Area
1970-01-01T17:37:00,User-3,Case-User-3-1,Move to Coffee Area
1970-01-01T17:40:00,User-4,Case-User-4-1,Move to Coffee Area
1970-01-01T17:40:00,User-1,Case-User-1-1,Move to Coffee Area
1970-01-01T17:44:00,User-2,Case-User-2-1,Move to Coffee Area
1970-01-01T17:50:00,User-3,Case-User-3-1,Take coffee
1970-01-01T17:50:00,User-3,Case-User-3-1,Increased heart rate
1970-01-01T17:52:00,User-5,Case-User-5-1,Move to Meeting Room
1970-01-01T17:56:00,User-1,Case-User-1-1,Move to Workplace
1970-01-01T18:00:00,User-1,Case-User-1-1,Strong advice: Drink water now!
1970-01-01T18:00:00,User-2,Case-User-2-1,Strong advice: Drink water now!
1970-01-01T18:00:00,User-3,Case-User-3-1,Strong advice: Drink water now!
1970-01-01T18:00:00,User-3,Case-User-3-1,Take water
1970-01-01T18:00:00,User-4,Case-User-4-1,Strong advice: Drink water now!
1970-01-01T18:00:00,User-5,Case-User-5-1,Strong advice: Drink water now!
1970-01-01T18:00:00,User-5,Case-User-5-1,Take water
1970-01-01T18:04:00,User-2,Case-User-2-1,Move to Meeting Room
1970-01-01T18:12:00,User-3,Case-User-3-1,Move to Meeting Room
1970-01-01T18:22:00,User-4,Case-User-4-1,Move to Meeting Room
1970-01-01T18:23:00,User-1,Case-User-1-1,Move to Workplace
1970-01-01T18:27:00,User-2,Case-User-2-1,Move to Workplace
1970-01-01T18:33:00,User-5,Case-User-5-1,Move to Workplace
1970-01-01T18:33:00,User-3,Case-User-3-1,Move to Meeting Room
1970-01-01T18:52:00,User-4,Case-User-4-1,Move to Coffee Area
1970-01-01T19:00:00,User-1,Case-User-1-1,Strong advice: Drink water now!
1970-01-01T19:00:00,User-2,Case-User-2-1,Strong advice: Drink water now!
1970-01-01T19:00:00,User-2,Case-User-2-1,Take water
1970-01-01T19:00:00,User-3,Case-User-3-1,Strong advice: Drink water now!
1970-01-01T19:00:00,User-3,Case-User-3-1,Take water
1970-01-01T19:00:00,User-4,Case-User-4-1,Strong advice: Drink water now!
1970-01-01T19:00:00,User-5,Case-User-5-1,Strong advice: Drink water now!
1970-01-01T19:00:00,User-5,Case-User-5-1,Take water
1970-01-01T19:00:00,User-1,Case-User-1-1,Move to Coffee Area
1970-01-01T19:01:00,User-3,Case-User-3-1,Move to Coffee Area
1970-01-01T19:08:00,User-2,Case-User-2-1,Move to Workplace
1970-01-01T19:14:00,User-5,Case-User-5-1,Move to Meeting Room
1970-01-01T19:18:00,User-4,Case-User-4-1,Move to Workplace
1970-01-01T19:26:00,User-3,Case-User-3-1,Move to Workplace
1970-01-01T19:29:00,User-1,Case-User-1-1,Move to Coffee Area
1970-01-01T19:30:00,User-2,Case-User-2-1,Move to Workplace
1970-01-01T19:45:00,User-5,Case-User-5-1,Move to Workplace
1970-01-01T19:50:00,User-3,Case-User-3-1,Move to Coffee Area
1970-01-01T19:54:00,User-1,Case-User-1-1,Move to Meeting Room
1970-01-01T20:00:00,User-1,Case-User-1-1,Strong advice: Drink water now!
1970-01-01T20:00:00,User-1,Case-User-1-1,Take water
1970-01-01T20:00:00,User-2,Case-User-2-1,Strong advice: Drink water now!
1970-01-01T20:00:00,User-2,Case-User-2-1,Take water
1970-01-01T20:00:00,User-3,Case-User-3-1,Strong advice: Drink water now!
1970-01-01T20:00:00,User-3,Case-User-3-1,Take water
1970-01-01T20:00:00,User-4,Case-User-4-1,Strong advice: Drink water now!
1970-01-01T20:00:00,User-4,Case-User-4-1,Take water
1970-01-01T20:00:00,User-5,Case-User-5-1,Strong advice: Drink water now!
1970-01-01T20:00:00,User-5,Case-User-5-1,Take water
1970-01-01T20:02:00,User-4,Case-User-4-1,Move to Meeting Room
1970-01-01T20:04:00,User-5,Case-User-5-1,Move to Workplace
1970-01-01T20:11:00,User-1,Case-User-1-1,Move to Meeting Room
1970-01-01T20:13:00,User-2,Case-User-2-1,Move to Coffee Area
1970-01-01T20:19:00,User-3,Case-User-3-1,Move to Coffee Area
1970-01-01T20:32:00,User-4,Case-User-4-1,Move to Coffee Area
1970-01-01T20:47:00,User-4,Case-User-4-1,Move to Workplace
1970-01-01T20:48:00,User-5,Case-User-5-1,Move to Meeting Room
1970-01-01T20:51:00,User-1,Case-User-1-1,Move to Workplace
1970-01-01T20:53:00,User-3,Case-User-3-1,Move to Meeting Room
1970-01-01T20:55:00,User-2,Case-User-2-1,Move to Meeting Room
1970-01-01T21:00:00,User-1,Case-User-1-1,Strong advice: Drink water now!
1970-01-01T21:00:00,User-1,Case-User-1-1,Take water
1970-01-01T21:00:00,User-2,Case-User-2-1,Strong advice: Drink water now!
1970-01-01T21:00:00,User-2,Case-User-2-1,Take water
1970-01-01T21:00:00,User-3,Case-User-3-1,Strong advice: Drink water now!
1970-01-01T21:00:00,User-3,Case-User-3-1,Take water
1970-01-01T21:00:00,User-4,Case-User-4-1,Strong advice: Drink water now!
1970-01-01T21:00:00,User-4,Case-User-4-1,Take water
1970-01-01T21:00:00,User-5,Case-User-5-1,Strong advice: Drink water now!
1970-01-01T21:07:00,User-1,Case-User-1-1,Move to Workplace
1970-01-01T21:12:00,User-3,Case-User-3-1,Move to Coffee Area
1970-01-01T21:21:00,User-4,Case-User-4-1,Move to Coffee Area
1970-01-01T21:25:00,User-2,Case-User-2-1,Move to Workplace
1970-01-01T21:25:00,User-1,Case-User-1-1,Move to Meeting Room
1970-01-01T21:28:00,User-3,Case-User-3-1,Move to Workplace
1970-01-01T21:29:00,User-5,Case-User-5-1,Move to Coffee Area
1970-01-01T21:51:00,User-4,Case-User-4-1,Move to Meeting Room
1970-01-01T21:51:00,User-2,Case-User-2-1,Move to Coffee Area
1970-01-01T21:52:00,User-5,Case-User-5-1,Move to Coffee Area
1970-01-01T22:00:00,User-1,Case-User-1-1,Strong advice: Drink water now!
1970-01-01T22:00:00,User-1,Case-User-1-1,Take water
1970-01-01T22:00:00,User-2,Case-User-2-1,Strong advice: Drink water now!
1970-01-01T22:00:00,User-2,Case-User-2-1,Take water
1970-01-01T22:00:00,User-3,Case-User-3-1,Strong advice: Drink water now!
1970-01-01T22:00:00,User-3,Case-User-3-1,Take water
1970-01-01T22:00:00,User-4,Case-User-4-1,Strong advice: Drink water now!
1970-01-01T22:00:00,User-4,Case-User-4-1,Take water
1970-01-01T22:00:00,User-5,Case-User-5-1,Strong advice: Drink water now!
1970-01-01T22:06:00,User-1,Case-User-1-1,Move to Meeting Room
1970-01-01T22:08:00,User-3,Case-User-3-1,Move to Meeting Room
1970-01-01T22:11:00,User-4,Case-User-4-1,Move to Coffee Area
1970-01-01T22:16:00,User-2,Case-User-2-1,Move to Workplace
1970-01-01T22:33:00,User-1,Case-User-1-1,Move to Coffee Area
1970-01-01T22:34:00,User-5,Case-User-5-1,Move to Workplace
1970-01-01T22:35:00,User-3,Case-User-3-1,Move to Workplace
1970-01-01T22:47:00,User-4,Case-User-4-1,Move to Workplace
1970-01-01T23:00:00,User-1,Case-User-1-1,Strong advice: Drink water now!
1970-01-01T23:00:00,User-2,Case-User-2-1,Strong advice: Drink water now!
1970-01-01T23:00:00,User-3,Case-User-3-1,Strong advice: Drink water now!
1970-01-01T23:00:00,User-4,Case-User-4-1,Strong advice: Drink water now!
1970-01-01T23:00:00,User-4,Case-User-4-1,Take water
1970-01-01T23:00:00,User-5,Case-User-5-1,Strong advice: Drink water now!
1970-01-01T23:00:00,User-5,Case-User-5-1,Take water
1970-01-01T23:00:00,User-2,Case-User-2-1,Move to Workplace
1970-01-01T23:00:00,User-1,Case-User-1-1,Move to Meeting Room
1970-01-01T23:13:00,User-3,Case-User-3-1,Move to Workplace
1970-01-01T23:14:00,User-4,Case-User-4-1,Move to Coffee Area
1970-01-01T23:19:00,User-5,Case-User-5-1,Move to Workplace
1970-01-01T23:35:00,User-1,Case-User-1-1,Move to Meeting Room
1970-01-01T23:41:00,User-4,Case-User-4-1,Move to Coffee Area
1970-01-01T23:42:00,User-2,Case-User-2-1,Move to Coffee Area
1970-01-01T23:52:00,User-5,Case-User-5-1,Move to Meeting Room
1970-01-01T23:54:00,User-3,Case-User-3-1,Move to Workplace
1970-01-02T00:00:00,User-1,Case-User-1-1,Strong advice: Drink water now!
1970-01-02T00:00:00,User-2,Case-User-2-1,Strong advice: Drink water now!
1970-01-02T00:00:00,User-3,Case-User-3-1,Strong advice: Drink water now!
1970-01-02T00:00:00,User-3,Case-User-3-1,Take water
1970-01-02T00:00:00,User-4,Case-User-4-1,Strong advice: Drink water now!
1970-01-02T00:00:00,User-4,Case-User-4-1,Take water
1970-01-02T00:00:00,User-5,Case-User-5-1,Strong advice: Drink water now!
1970-01-02T00:03:00,User-2,Case-User-2-1,Move to Workplace
1970-01-02T00:19:00,User-1,Case-User-1-1,Move to Workplace
1970-01-02T00:19:00,User-4,Case-User-4-1,Move to Coffee Area
1970-01-02T00:21:00,User-3,Case-User-3-1,Move to Meeting Room
1970-01-02T00:35:00,User-2,Case-User-2-1,Move to Meeting Room
1970-01-02T00:36:00,User-4,Case-User-4-1,Move to Coffee Area
1970-01-02T00:37:00,User-5,Case-User-5-1,Move to Coffee Area
1970-01-02T00:46:00,User-3,Case-User-3-1,Move to Workplace
1970-01-02T00:51:00,User-4,Case-User-4-1,Move to Workplace
1970-01-02T00:53:00,User-2,Case-User-2-1,Move to Coffee Area
1970-01-02T01:00:00,User-1,Case-User-1-1,Strong advice: Drink water now!
1970-01-02T01:00:00,User-1,Case-User-1-1,Take water
1970-01-02T01:00:00,User-2,Case-User-2-1,Strong advice: Drink water now!
1970-01-02T01:00:00,User-3,Case-User-3-1,Strong advice: Drink water now!
1970-01-02T01:00:00,User-3,Case-User-3-1,Take water
1970-01-02T01:00:00,User-4,Case-User-4-1,Strong advice: Drink water now!
1970-01-02T01:00:00,User-4,Case-User-4-1,Take water
1970-01-02T01:00:00,User-5,Case-User-5-1,Strong advice: Drink water now!
1970-01-02T01:00:00,User-5,Case-User-5-1,Take water
1970-01-02T01:01:00,User-1,Case-User-1-2,Move to Coffee Area
1970-01-02T01:10:00,User-4,Case-User-4-2,Move to Workplace
1970-01-02T01:12:00,User-5,Case-User-5-2,Move to Coffee Area
1970-01-02T01:16:00,User-1,Case-User-1-2,Take coffee
1970-01-02T01:16:00,User-1,Case-User-1-2,Increased heart rate
1970-01-02T01:16:00,User-3,Case-User-3-2,Move to Workplace
1970-01-02T01:26:00,User-4,Case-User-4-2,Move to Meeting Room
1970-01-02T01:36:00,User-2,Case-User-2-2,Move to Workplace
1970-01-02T01:36:00,User-1,Case-User-1-2,Move to Coffee Area
1970-01-02T01:45:00,User-5,Case-User-5-2,Move to Coffee Area
1970-01-02T01:52:00,User-1,Case-User-1-2,Take coffee
1970-01-02T01:52:00,User-1,Case-User-1-2,Increased heart rate
1970-01-02T01:58:00,User-4,Case-User-4-2,Move to Workplace
1970-01-02T02:00:00,User-1,Case-User-1-2,Strong advice: Drink water now!
1970-01-02T02:00:00,User-1,Case-User-1-2,Take water
1970-01-02T02:00:00,User-2,Case-User-2-2,Strong advice: Drink water now!
1970-01-02T02:00:00,User-2,Case-User-2-2,Take water
1970-01-02T02:00:00,User-3,Case-User-3-2,Strong advice: Drink water now!
1970-01-02T02:00:00,User-3,Case-User-3-2,Take water
1970-01-02T02:00:00,User-4,Case-User-4-2,Strong advice: Drink water now!
1970-01-02T02:00:00,User-4,Case-User-4-2,Take water
1970-01-02T02:00:00,User-5,Case-User-5-2,Strong advice: Drink water now!
1970-01-02T02:00:00,User-5,Case-User-5-2,Take water
1970-01-02T02:01:00,User-3,Case-User-3-2,Move to Workplace
1970-01-02T02:10:00,User-1,Case-User-1-2,Move to Coffee Area
1970-01-02T02:13:00,User-5,Case-User-5-2,Move to Workplace
1970-01-02T02:20:00,User-2,Case-User-2-2,Move to Coffee Area
1970-01-02T02:22:00,User-4,Case-User-4-2,Move to Coffee Area
1970-01-02T02:35:00,User-3,Case-User-3-2,Move to Meeting Room
1970-01-02T02:35:00,User-5,Case-User-5-2,Move to Meeting Room
1970-01-02T02:54:00,User-5,Case-User-5-2,Move to Coffee Area
1970-01-02T02:55:00,User-1,Case-User-1-2,Move to Coffee Area
1970-01-02T03:00:00,User-1,Case-User-1-2,Strong advice: Drink water now!
1970-01-02T03:00:00,User-2,Case-User-2-2,Strong advice: Drink water now!
1970-01-02T03:00:00,User-3,Case-User-3-2,Strong advice: Drink water now!
1970-01-02T03:00:00,User-3,Case-User-3-2,Take water
1970-01-02T03:00:00,User-4,Case-User-4-2,Strong advice: Drink water now!
1970-01-02T03:00:00,User-5,Case-User-5-2,Strong advice: Drink water now!
1970-01-02T03:00:00,User-5,Case-User-5-2,Take water
1970-01-02T03:00:00,User-4,Case-User-4-2,Move to Coffee Area
1970-01-02T03:01:00,User-2,Case-User-2-2,Move to Coffee Area
1970-01-02T03:08:00,User-3,Case-User-3-2,Move to Workplace
1970-01-02T03:21:00,User-1,Case-User-1-2,Move to Coffee Area
1970-01-02T03:26:00,User-5,Case-User-5-2,Move to Workplace
1970-01-02T03:35:00,User-2,Case-User-2-2,Move to Coffee Area
1970-01-02T03:38:00,User-4,Case-User-4-2,Move to Meeting Room
1970-01-02T03:47:00,User-3,Case-User-3-2,Move to Coffee Area
1970-01-02T03:51:00,User-1,Case-User-1-2,Move to Workplace
1970-01-02T03:56:00,User-2,Case-User-2-2,Move to Meeting Room
1970-01-02T04:00:00,User-1,Case-User-1-2,Strong advice: Drink water now!
1970-01-02T04:00:00,User-1,Case-User-1-2,Take water
1970-01-02T04:00:00,User-2,Case-User-2-2,Strong advice: Drink water now!
1970-01-02T04:00:00,User-2,Case-User-2-2,Take water
1970-01-02T04:00:00,User-3,Case-User-3-2,Strong advice: Drink water now!
1970-01-02T04:00:00,User-4,Case-User-4-2,Strong advice: Drink water now!
1970-01-02T04:00:00,User-4,Case-User-4-2,Take water
1970-01-02T04:00:00,User-5,Case-User-5-2,Strong advice: Drink water now!
1970-01-02T04:09:00,User-5,Case-User-5-2,Move to Workplace
1970-01-02T04:14:00,User-4,Case-User-4-2,Move to Coffee Area
1970-01-02T04:21:00,User-1,Case-User-1-2,Move to Coffee Area
1970-01-02T04:28:00,User-2,Case-User-2-2,Move to Workplace
1970-01-02T04:32:00,User-3,Case-User-3-2,Move to Workplace
1970-01-02T04:40:00,User-5,Case-User-5-2,Move to Workplace
1970-01-02T04:49:00,User-1,Case-User-1-2,Move to Meeting Room
1970-01-02T04:58:00,User-4,Case-User-4-2,Move to Meeting Room
1970-01-02T05:00:00,User-1,Case-User-1-2,Strong advice: Drink water now!
1970-01-02T05:00:00,User-1,Case-User-1-2,Take water
1970-01-02T05:00:00,User-2,Case-User-2-2,Strong advice: Drink water now!
1970-01-02T05:00:00,User-3,Case-User-3-2,Strong advice: Drink water now!
1970-01-02T05:00:00,User-4,Case-User-4-2,Strong advice: Drink water now!
1970-01-02T05:00:00,User-4,Case-User-4-2,Take water
1970-01-02T05:00:00,User-5,Case-User-5-2,Strong advice: Drink water now!
1970-01-02T05:00:00,User-5,Case-User-5-2,Move to Meeting Room
1970-01-02T05:01:00,User-2,Case-User-2-2,Move to Meeting Room
1970-01-02T05:11:00,User-3,Case-User-3-2,Move to Workplace
1970-01-02T05:15:00,User-5,Case-User-5-2,Move to Meeting Room
1970-01-02T05:20:00,User-4,Case-User-4-2,Move to Meeting Room
1970-01-02T05:20:00,User-2,Case-User-2-2,Move to Meeting Room
1970-01-02T05:27:00,User-1,Case-User-1-2,Move to Workplace
1970-01-02T05:46:00,User-4,Case-User-4-2,Move to Meeting Room
1970-01-02T05:50:00,User-3,Case-User-3-2,Move to Meeting Room
1970-01-02T05:51:00,User-1,Case-User-1-2,Move to Workplace
1970-01-02T06:00:00,User-1,Case-User-1-2,Strong advice: Drink water now!
1970-01-02T06:00:00,User-2,Case-User-2-2,Strong advice: Drink water now!
1970-01-02T06:00:00,User-2,Case-User-2-2,Take water
1970-01-02T06:00:00,User-3,Case-User-3-2,Strong advice: Drink water now!
1970-01-02T06:00:00,User-3,Case-User-3-2,Take water
1970-01-02T06:00:00,User-4,Case-User-4-2,Strong advice: Drink water now!
1970-01-02T06:00:00,User-5,Case-User-5-2,Strong advice: Drink water now!
1970-01-02T06:00:00,User-5,Case-User-5-2,Take water
1970-01-02T06:00:00,User-5,Case-User-5-2,Move to Workplace
1970-01-02T06:03:00,User-2,Case-User-2-2,Move to Coffee Area
1970-01-02T06:17:00,User-3,Case-User-3-2,Move to Meeting Room
1970-01-02T06:25:00,User-1,Case-User-1-2,Move to Meeting Room
1970-01-02T06:27:00,User-5,Case-User-5-2,Move to Coffee Area
1970-01-02T06:31:00,User-4,Case-User-4-2,Move to Workplace
1970-01-02T06:32:00,User-2,Case-User-2-2,Move to Workplace
1970-01-02T06:44:00,User-5,Case-User-5-2,Move to Coffee Area
1970-01-02T06:52:00,User-1,Case-User-1-2,Move to Coffee Area
1970-01-02T06:54:00,User-2,Case-User-2-2,Move to Meeting Room
1970-01-02T06:58:00,User-3,Case-User-3-2,Move to Workplace
1970-01-02T07:00:00,User-1,Case-User-1-2,Strong advice: Drink water now!
1970-01-02T07:00:00,User-1,Case-User-1-2,Take water
1970-01-02T07:00:00,User-2,Case-User-2-2,Strong advice: Drink water now!
1970-01-02T07:00:00,User-3,Case-User-3-2,Strong advice: Drink water now!
1970-01-02T07:00:00,User-3,Case-User-3-2,Take water
1970-01-02T07:00:00,User-4,Case-User-4-2,Strong advice: Drink water now!
1970-01-02T07:00:00,User-4,Case-User-4-2,Take water
1970-01-02T07:00:00,User-5,Case-User-5-2,Strong advice: Drink water now!
1970-01-02T07:00:00,User-5,Case-User-5-2,Take water
1970-01-02T07:00:00,User-4,Case-User-4-2,Move to Coffee Area
1970-01-02T07:08:00,User-5,Case-User-5-2,Move to Workplace
1970-01-02T07:09:00,User-2,Case-User-2-2,Move to Coffee Area
1970-01-02T07:23:00,User-1,Case-User-1-2,Move to Coffee Area
1970-01-02T07:24:00,User-3,Case-User-3-2,Move to Coffee Area
1970-01-02T07:35:00,User-2,Case-User-2-2,Move to Coffee Area
1970-01-02T07:39:00,User-4,Case-User-4-2,Move to Meeting Room
1970-01-02T07:49:00,User-5,Case-User-5-2,Move to Meeting Room
1970-01-02T07:57:00,User-1,Case-User-1-2,Move to Meeting Room
1970-01-02T08:00:00,User-1,Case-User-1-2,Strong advice: Drink water now!
1970-01-02T08:00:00,User-1,Case-User-1-2,Take water
1970-01-02T08:00:00,User-2,Case-User-2-2,Strong advice: Drink water now!
1970-01-02T08:00:00,User-2,Case-User-2-2,Take water
1970-01-02T08:00:00,User-3,Case-User-3-2,Strong advice: Drink water now!
1970-01-02T08:00:00,User-4,Case-User-4-2,Strong advice: Drink water now!
1970-01-02T08:00:00,User-5,Case-User-5-2,Strong advice: Drink water now!
1970-01-02T08:00:00,User-5,Case-User-5-2,Take water
1970-01-02T08:04:00,User-4,Case-User-4-2,Move to Meeting Room
1970-01-02T08:06:00,User-3,Case-User-3-2,Move to Meeting Room
1970-01-02T08:06:00,User-2,Case-User-2-2,Move to Coffee Area
1970-01-02T08:09:00,User-2,Case-User-2-2,Take coffee
1970-01-02T08:09:00,User-2,Case-User-2-2,Increased heart rate
1970-01-02T08:12:00,User-1,Case-User-1-2,Move to Meeting Room
1970-01-02T08:16:00,User-5,Case-User-5-2,Move to Coffee Area
1970-01-02T08:26:00,User-3,Case-User-3-2,Move to Workplace
1970-01-02T08:30:00,User-1,Case-User-1-2,Move to Coffee Area
1970-01-02T08:31:00,User-4,Case-User-4-2,Move to Coffee Area
1970-01-02T08:33:00,User-5,Case-User-5-2,Move to Coffee Area
1970-01-02T08:49:00,User-2,Case-User-2-2,Move to Coffee Area
1970-01-02T08:51:00,User-1,Case-User-1-2,Move to Coffee Area
1970-01-02T08:56:00,User-3,Case-User-3-2,Move to Meeting Room
1970-01-02T08:58:00,User-5,Case-User-5-2,Move to Meeting Room
1970-01-02T09:00:00,User-1,Case-User-1-2,Strong advice: Drink water now!
1970-01-02T09:00:00,User-2,Case-User-2-2,Strong advice: Drink water now!
1970-01-02T09:00:00,User-2,Case-User-2-2,Take water
1970-01-02T09:00:00,User-3,Case-User-3-2,Strong advice: Drink water now!
1970-01-02T09:00:00,User-4,Case-User-4-2,Strong advice: Drink water now!
1970-01-02T09:00:00,User-4,Case-User-4-2,Take water
1970-01-02T09:00:00,User-5,Case-User-5-2,Strong advice: Drink water now!
1970-01-02T09:00:00,User-5,Case-User-5-2,Take water
1970-01-02T09:04:00,User-4,Case-User-4-2,Move to Meeting Room
1970-01-02T09:06:00,User-1,Case-User-1-2,Move to Meeting Room
1970-01-02T09:16:00,User-2,Case-User-2-2,Move to Workplace
1970-01-02T09:26:00,User-1,Case-User-1-2,Move to Meeting Room
1970-01-02T09:31:00,User-3,Case-User-3-2,Move to Meeting Room
1970-01-02T09:31:00,User-2,Case-User-2-2,Move to Meeting Room
1970-01-02T09:36:00,User-5,Case-User-5-2,Move to Meeting Room
1970-01-02T09:37:00,User-4,Case-User-4-2,Move to Workplace
1970-01-02T09:43:00,User-1,Case-User-1-2,Move to Meeting Room
1970-01-02T09:57:00,User-3,Case-User-3-2,Move to Workplace
1970-01-02T10:00:00,User-1,Case-User-1-2,Strong advice: Drink water now!
1970-01-02T10:00:00,User-2,Case-User-2-2,Strong advice: Drink water now!
1970-01-02T10:00:00,User-2,Case-User-2-2,Take water
1970-01-02T10:00:00,User-3,Case-User-3-2,Strong advice: Drink water now!
1970-01-02T10:00:00,User-4,Case-User-4-2,Strong advice: Drink water now!
1970-01-02T10:00:00,User-4,Case-User-4-2,Take water
1970-01-02T10:00:00,User-5,Case-User-5-2,Strong advice: Drink water now!
1970-01-02T10:02:00,User-5,Case-User-5-2,Move to Coffee Area
1970-01-02T10:08:00,User-2,Case-User-2-2,Move to Coffee Area
1970-01-02T10:14:00,User-4,Case-User-4-2,Move to Coffee Area
1970-01-02T10:17:00,User-1,Case-User-1-2,Move to Meeting Room
1970-01-02T10:25:00,User-3,Case-User-3-2,Move to Coffee Area
1970-01-02T10:27:00,User-2,Case-User-2-2,Move to Workplace
1970-01-02T10:28:00,User-5,Case-User-5-2,Move to Coffee Area
1970-01-02T10:36:00,User-1,Case-User-1-2,Move to Coffee Area
1970-01-02T10:45:00,User-4,Case-User-4-2,Move to Coffee Area
1970-01-02T10:58:00,User-3,Case-User-3-2,Move to Meeting Room
1970-01-02T11:00:00,User-1,Case-User-1-2,Strong advice: Drink water now!
1970-01-02T11:00:00,User-2,Case-User-2-2,Strong advice: Drink water now!
1970-01-02T11:00:00,User-3,Case-User-3-2,Strong advice: Drink water now!
1970-01-02T11:00:00,User-3,Case-User-3-2,Take water
1970-01-02T11:00:00,User-4,Case-User-4-2,Casual advice: Drink water now!
1970-01-02T11:00:00,User-5,Case-User-5-2,Strong advice: Drink water now!
1970-01-02T11:00:00,User-5,Case-User-5-2,Take water
1970-01-02T11:03:00,User-5,Case-User-5-2,Move to Workplace
1970-01-02T11:11:00,User-2,Case-User-2-2,Move to Coffee Area
1970-01-02T11:14:00,User-1,Case-User-1-2,Move to Coffee Area
1970-01-02T11:16:00,User-3,Case-User-3-2,Move to Coffee Area
1970-01-02T11:30:00,User-4,Case-User-4-2,Move to Coffee Area
1970-01-02T11:36:00,User-2,Case-User-2-2,Take coffee
1970-01-02T11:36:00,User-2,Case-User-2-2,Increased heart rate
1970-01-02T11:38:00,User-4,Case-User-4-2,Take coffee
1970-01-02T11:38:00,User-4,Case-User-4-2,Increased heart rate
1970-01-02T11:41:00,User-5,Case-User-5-2,Move to Coffee Area
1970-01-02T11:42:00,User-2,Case-User-2-2,Move to Meeting Room
1970-01-02T11:46:00,User-1,Case-User-1-2,Move to Meeting Room
1970-01-02T11:54:00,User-3,Case-User-3-2,Move to Coffee Area
1970-01-02T12:00:00,User-1,Case-User-1-2,Strong advice: Drink water now!
1970-01-02T12:00:00,User-2,Case-User-2-2,Strong advice: Drink water now!
1970-01-02T12:00:00,User-2,Case-User-2-2,Take water
1970-01-02T12:00:00,User-3,Case-User-3-2,Strong advice: Drink water now!
1970-01-02T12:00:00,User-4,Case-User-4-2,Strong advice: Drink water now!
1970-01-02T12:00:00,User-4,Case-User-4-2,Take water
1970-01-02T12:00:00,User-5,Case-User-5-2,Strong advice: Drink water now!
1970-01-02T12:00:00,User-5,Case-User-5-2,Take water
1970-01-02T12:11:00,User-4,Case-User-4-2,Move to Workplace
1970-01-02T12:11:00,User-5,Case-User-5-2,Move to Meeting Room
1970-01-02T12:13:00,User-1,Case-User-1-2,Move to Workplace
1970-01-02T12:26:00,User-2,Case-User-2-2,Move to Meeting Room
1970-01-02T12:27:00,User-5,Case-User-5-2,Move to Workplace
1970-01-02T12:38:00,User-3,Case-User-3-2,Move to Meeting Room
1970-01-02T12:44:00,User-2,Case-User-2-2,Move to Coffee Area
1970-01-02T12:46:00,User-1,Case-User-1-2,Move to Workplace
1970-01-02T12:49:00,User-4,Case-User-4-2,Move to Meeting Room
1970-01-02T13:00:00,User-1,Case-User-1-2,Strong advice: Drink water now!
1970-01-02T13:00:00,User-1,Case-User-1-2,Take water
1970-01-02T13:00:00,User-2,Case-User-2-2,Strong advice: Drink water now!
1970-01-02T13:00:00,User-2,Case-User-2-2,Take water
1970-01-02T13:00:00,User-3,Case-User-3-2,Strong advice: Drink water now!
1970-01-02T13:00:00,User-4,Case-User-4-2,Casual advice: Drink water now!
1970-01-02T13:00:00,User-5,Case-User-5-2,Strong advice: Drink water now!
1970-01-02T13:06:00,User-5,Case-User-5-2,Move to Workplace
1970-01-02T13:10:00,User-3,Case-User-3-2,Move to Meeting Room
1970-01-02T13:25:00,User-1,Case-User-1-2,Move to Coffee Area
1970-01-02T13:25:00,User-4,Case-User-4-2,Move to Coffee Area
1970-01-02T13:27:00,User-2,Case-User-2-2,Move to Coffee Area
1970-01-02T13:29:00,User-4,Case-User-4-2,Take coffee
1970-01-02T13:29:00,User-4,Case-User-4-2,Increased heart rate
1970-01-02T13:33:00,User-3,Case-User-3-2,Move to Meeting Room
1970-01-02T13:46:00,User-5,Case-User-5-2,Move to Workplace
1970-01-02T13:50:00,User-4,Case-User-4-2,Move to Meeting Room
1970-01-02T13:51:00,User-3,Case-User-3-2,Move to Coffee Area
1970-01-02T13:56:00,User-2,Case-User-2-2,Move to Workplace
1970-01-02T14:00:00,User-1,Case-User-1-2,Strong advice: Drink water now!
1970-01-02T14:00:00,User-1,Case-User-1-2,Take water
1970-01-02T14:00:00,User-2,Case-User-2-2,Strong advice: Drink water now!
1970-01-02T14:00:00,User-2,Case-User-2-2,Take water
1970-01-02T14:00:00,User-3,Case-User-3-2,Strong advice: Drink water now!
1970-01-02T14:00:00,User-3,Case-User-3-2,Take water
1970-01-02T14:00:00,User-4,Case-User-4-2,Strong advice: Drink water now!
1970-01-02T14:00:00,User-4,Case-User-4-2,Take water
1970-01-02T14:00:00,User-5,Case-User-5-2,Strong advice: Drink water now!
1970-01-02T14:00:00,User-5,Case-User-5-2,Take water
1970-01-02T14:01:00,User-5,Case-User-5-2,Move to Coffee Area
1970-01-02T14:03:00,User-5,Case-User-5-2,Take coffee
1970-01-02T14:03:00,User-5,Case-User-5-2,Increased heart rate
1970-01-02T14:04:00,User-1,Case-User-1-2,Move to Workplace
1970-01-02T14:14:00,User-4,Case-User-4-2,Move to Workplace
1970-01-02T14:25:00,User-3,Case-User-3-2,Move to Coffee Area
1970-01-02T14:26:00,User-5,Case-User-5-2,Move to Coffee Area
1970-01-02T14:40:00,User-3,Case-User-3-2,Move to Coffee Area
1970-01-02T14:41:00,User-2,Case-User-2-2,Move to Coffee Area
1970-01-02T14:44:00,User-5,Case-User-5-2,Move to Meeting Room
1970-01-02T14:45:00,User-4,Case-User-4-2,Move to Workplace
1970-01-02T14:49:00,User-1,Case-User-1-2,Move to Meeting Room
1970-01-02T15:00:00,User-1,Case-User-1-2,Strong advice: Drink water now!
1970-01-02T15:00:00,User-1,Case-User-1-2,Take water
1970-01-02T15:00:00,User-2,Case-User-2-2,Strong advice: Drink water now!
1970-01-02T15:00:00,User-2,Case-User-2-2,Take water
1970-01-02T15:00:00,User-3,Case-User-3-2,Strong advice: Drink water now!
1970-01-02T15:00:00,User-3,Case-User-3-2,Take water
1970-01-02T15:00:00,User-4,Case-User-4-2,Casual advice: Drink water now!
1970-01-02T15:00:00,User-5,Case-User-5-2,Strong advice: Drink water now!
1970-01-02T15:00:00,User-5,Case-User-5-2,Take water
1970-01-02T15:00:00,User-4,Case-User-4-2,Move to Meeting Room
1970-01-02T15:06:00,User-3,Case-User-3-2,Move to Coffee Area
1970-01-02T15:10:00,User-2,Case-User-2-2,Take coffee
1970-01-02T15:10:00,User-2,Case-User-2-2,Increased heart rate
1970-01-02T15:14:00,User-5,Case-User-5-2,Move to Workplace
1970-01-02T15:16:00,User-4,Case-User-4-2,Move to Coffee Area
1970-01-02T15:24:00,User-4,Case-User-4-2,Take coffee
1970-01-02T15:24:00,User-4,Case-User-4-2,Increased heart rate
1970-01-02T15:26:00,User-2,Case-User-2-2,Move to Coffee Area
1970-01-02T15:34:00,User-1,Case-User-1-2,Move to Workplace
1970-01-02T15:37:00,User-4,Case-User-4-2,Move to Meeting Room
1970-01-02T15:47:00,User-3,Case-User-3-2,Move to Meeting Room
1970-01-02T15:49:00,User-5,Case-User-5-2,Move to Coffee Area
1970-01-02T15:50:00,User-2,Case-User-2-2,Move to Coffee Area
1970-01-02T15:56:00,User-2,Case-User-2-2,Take coffee
1970-01-02T15:56:00,User-2,Case-User-2-2,Increased heart rate
1970-01-02T15:56:00,User-1,Case-User-1-2,Move to Coffee Area
1970-01-02T16:00:00,User-1,Case-User-1-2,Strong advice: Drink water now!
1970-01-02T16:00:00,User-1,Case-User-1-2,Take water
1970-01-02T16:00:00,User-2,Case-User-2-2,Strong advice: Drink water now!
1970-01-02T16:00:00,User-3,Case-User-3-2,Strong advice: Drink water now!
1970-01-02T16:00:00,User-3,Case-User-3-2,Take water
1970-01-02T16:00:00,User-4,Case-User-4-2,Strong advice: Drink water now!
1970-01-02T16:00:00,User-5,Case-User-5-2,Strong advice: Drink water now!
1970-01-02T16:00:00,User-5,Case-User-5-2,Take water
1970-01-02T16:19:00,User-4,Case-User-4-2,Move to Workplace
1970-01-02T16:21:00,User-3,Case-User-3-2,Move to Meeting Room
1970-01-02T16:32:00,User-2,Case-User-2-2,Move to Workplace
1970-01-02T16:33:00,User-5,Case-User-5-2,Move to Coffee Area
1970-01-02T16:34:00,User-1,Case-User-1-2,Move to Workplace
1970-01-02T16:38:00,User-3,Case-User-3-2,Move to Workplace
1970-01-02T16:41:00,User-4,Case-User-4-2,Move to Workplace
1970-01-02T16:53:00,User-5,Case-User-5-2,Move to Meeting Room
1970-01-02T16:54:00,User-2,Case-User-2-2,Move to Workplace
1970-01-02T17:00:00,User-1,Case-User-1-2,Strong advice: Drink water now!
1970-01-02T17:00:00,User-2,Case-User-2-2,Strong advice: Drink water now!
1970-01-02T17:00:00,User-3,Case-User-3-2,Strong advice: Drink water now!
1970-01-02T17:00:00,User-3,Case-User-3-2,Take water
1970-01-02T17:00:00,User-4,Case-User-4-2,Strong advice: Drink water now!
1970-01-02T17:00:00,User-5,Case-User-5-2,Strong advice: Drink water now!
1970-01-02T17:01:00,User-1,Case-User-1-2,Move to Meeting Room
1970-01-02T17:08:00,User-3,Case-User-3-2,Move to Coffee Area
1970-01-02T17:17:00,User-4,Case-User-4-2,Move to Meeting Room
1970-01-02T17:20:00,User-1,Case-User-1-2,Move to Coffee Area
1970-01-02T17:23:00,User-3,Case-User-3-2,Move to Meeting Room
1970-01-02T17:32:00,User-2,Case-User-2-2,Move to Meeting Room
1970-01-02T17:34:00,User-5,Case-User-5-2,Move to Coffee Area
1970-01-02T17:38:00,User-3,Case-User-3-2,Move to Coffee Area
1970-01-02T17:44:00,User-1,Case-User-1-2,Take coffee
1970-01-02T17:44:00,User-1,Case-User-1-2,Increased heart rate
1970-01-02T17:51:00,User-1,Case-User-1-2,Move to Workplace
1970-01-02T18:00:00,User-1,Case-User-1-2,Strong advice: Drink water now!
1970-01-02T18:00:00,User-1,Case-User-1-2,Take water
1970-01-02T18:00:00,User-2,Case-User-2-2,Strong advice: Drink water now!
1970-01-02T18:00:00,User-2,Case-User-2-2,Take water
1970-01-02T18:00:00,User-3,Case-User-3-2,Strong advice: Drink water now!
1970-01-02T18:00:00,User-3,Case-User-3-2,Take water
1970-01-02T18:00:00,User-4,Case-User-4-2,Strong advice: Drink water now!
1970-01-02T18:00:00,User-4,Case-User-4-2,Take water
1970-01-02T18:00:00,User-5,Case-User-5-2,Strong advice: Drink water now!
1970-01-02T18:00:00,User-5,Case-User-5-2,Take water
1970-01-02T18:02:00,User-4,Case-User-4-2,Move to Workplace
1970-01-02T18:05:00,User-3,Case-User-3-2,Move to Coffee Area
1970-01-02T18:07:00,User-1,Case-User-1-2,Move to Coffee Area
1970-01-02T18:08:00,User-5,Case-User-5-2,Move to Coffee Area
1970-01-02T18:13:00,User-2,Case-User-2-2,Move to Workplace
1970-01-02T18:18:00,User-1,Case-User-1-2,Take coffee
1970-01-02T18:18:00,User-1,Case-User-1-2,Increased heart rate
1970-01-02T18:32:00,User-4,Case-User-4-2,Move to Workplace
1970-01-02T18:32:00,User-3,Case-User-3-2,Move to Meeting Room
1970-01-02T18:33:00,User-5,Case-User-5-2,Move to Workplace
1970-01-02T18:44:00,User-1,Case-User-1-2,Move to Workplace
1970-01-02T18:48:00,User-2,Case-User-2-2,Move to Workplace
1970-01-02T19:00:00,User-1,Case-User-1-2,Strong advice: Drink water now!
1970-01-02T19:00:00,User-1,Case-User-1-2,Take water
1970-01-02T19:00:00,User-2,Case-User-2-2,Strong advice: Drink water now!
1970-01-02T19:00:00,User-3,Case-User-3-2,Casual advice: Drink water now!
1970-01-02T19:00:00,User-4,Case-User-4-2,Casual advice: Drink water now!
1970-01-02T19:00:00,User-5,Case-User-5-2,Strong advice: Drink water now!
1970-01-02T19:01:00,User-4,Case-User-4-2,Move to Meeting Room
1970-01-02T19:04:00,User-5,Case-User-5-2,Move to Workplace
1970-01-02T19:04:00,User-1,Case-User-1-2,Move to Meeting Room
1970-01-02T19:09:00,User-3,Case-User-3-2,Move to Workplace
1970-01-02T19:24:00,User-2,Case-User-2-2,Move to Meeting Room
1970-01-02T19:24:00,User-4,Case-User-4-2,Move to Meeting Room
1970-01-02T19:31:00,User-1,Case-User-1-2,Move to Coffee Area
1970-01-02T19:33:00,User-3,Case-User-3-2,Move to Coffee Area
1970-01-02T19:48:00,User-5,Case-User-5-2,Move to Meeting Room
1970-01-02T19:56:00,User-1,Case-User-1-2,Move to Meeting Room
1970-01-02T20:00:00,User-1,Case-User-1-2,Strong advice: Drink water now!
1970-01-02T20:00:00,User-1,Case-User-1-2,Take water
1970-01-02T20:00:00,User-2,Case-User-2-2,Strong advice: Drink water now!
1970-01-02T20:00:00,User-2,Case-User-2-2,Take water
1970-01-02T20:00:00,User-3,Case-User-3-2,Casual advice: Drink water now!
1970-01-02T20:00:00,User-4,Case-User-4-2,Casual advice: Drink water now!
1970-01-02T20:00:00,User-5,Case-User-5-2,Strong advice: Drink water now!
1970-01-02T20:00:00,User-5,Case-User-5-2,Take water
1970-01-02T20:00:00,User-4,Case-User-4-2,Move to Coffee Area
1970-01-02T20:01:00,User-2,Case-User-2-2,Move to Meeting Room
1970-01-02T20:07:00,User-5,Case-User-5-2,Move to Coffee Area
1970-01-02T20:09:00,User-3,Case-User-3-2,Move to Meeting Room
1970-01-02T20:25:00,User-4,Case-User-4-2,Move to Workplace
1970-01-02T20:30:00,User-1,Case-User-1-2,Move to Coffee Area
1970-01-02T20:31:00,User-2,Case-User-2-2,Move to Coffee Area
1970-01-02T20:43:00,User-5,Case-User-5-2,Move to Workplace
1970-01-02T20:48:00,User-3,Case-User-3-2,Move to Coffee Area
1970-01-02T21:00:00,User-1,Case-User-1-2,Strong advice: Drink water now!
1970-01-02T21:00:00,User-1,Case-User-1-2,Take water
1970-01-02T21:00:00,User-2,Case-User-2-2,Casual advice: Drink water now!
1970-01-02T21:00:00,User-3,Case-User-3-2,Casual advice: Drink water now!
1970-01-02T21:00:00,User-4,Case-User-4-2,Casual advice: Drink water now!
1970-01-02T21:00:00,User-5,Case-User-5-2,Casual advice: Drink water now!
1970-01-02T21:00:00,User-2,Case-User-2-2,Move to Workplace
1970-01-02T21:01:00,User-4,Case-User-4-2,Move to Coffee Area
1970-01-02T21:02:00,User-1,Case-User-1-2,Move to Workplace
1970-01-02T21:15:00,User-3,Case-User-3-2,Move to Coffee Area
1970-01-02T21:23:00,User-2,Case-User-2-2,Move to Workplace
1970-01-02T21:28:00,User-5,Case-User-5-2,Move to Meeting Room
1970-01-02T21:36:00,User-1,Case-User-1-2,Move to Meeting Room
1970-01-02T21:41:00,User-2,Case-User-2-2,Move to Coffee Area
1970-01-02T21:43:00,User-5,Case-User-5-2,Move to Coffee Area
1970-01-02T21:46:00,User-4,Case-User-4-2,Move to Coffee Area
1970-01-02T21:58:00,User-5,Case-User-5-2,Move to Meeting Room
1970-01-02T21:59:00,User-3,Case-User-3-2,Move to Meeting Room
1970-01-02T22:00:00,User-1,Case-User-1-2,Strong advice: Drink water now!
1970-01-02T22:00:00,User-1,Case-User-1-2,Take water
1970-01-02T22:00:00,User-2,Case-User-2-2,Casual advice: Drink water now!
1970-01-02T22:00:00,User-3,Case-User-3-2,Casual advice: Drink water now!
1970-01-02T22:00:00,User-4,Case-User-4-2,Casual advice: Drink water now!
1970-01-02T22:00:00,User-5,Case-User-5-2,Casual advice: Drink water now!
1970-01-02T22:01:00,User-4,Case-User-4-2,Move to Workplace
1970-01-02T22:02:00,User-2,Case-User-2-2,Move to Coffee Area
1970-01-02T22:09:00,User-1,Case-User-1-2,Move to Meeting Room
1970-01-02T22:22:00,User-3,Case-User-3-2,Move to Coffee Area
1970-01-02T22:25:00,User-4,Case-User-4-2,Move to Workplace
1970-01-02T22:38:00,User-5,Case-User-5-2,Move to Workplace
1970-01-02T22:42:00,User-2,Case-User-2-2,Move to Meeting Room
1970-01-02T22:47:00,User-1,Case-User-1-2,Move to Meeting Room
1970-01-02T22:56:00,User-4,Case-User-4-2,Move to Coffee Area
1970-01-02T22:57:00,User-3,Case-User-3-2,Move to Coffee Area
1970-01-02T23:00:00,User-1,Case-User-1-2,Strong advice: Drink water now!
1970-01-02T23:00:00,User-2,Case-User-2-2,Casual advice: Drink water now!
1970-01-02T23:00:00,User-3,Case-User-3-2,Casual advice: Drink water now!
1970-01-02T23:00:00,User-4,Case-User-4-2,Casual advice: Drink water now!
1970-01-02T23:00:00,User-5,Case-User-5-2,Casual advice: Drink water now!
1970-01-02T23:09:00,User-4,Case-User-4-2,Take coffee
1970-01-02T23:09:00,User-4,Case-User-4-2,Increased heart rate
1970-01-02T23:11:00,User-5,Case-User-5-2,Move to Workplace
1970-01-02T23:11:00,User-2,Case-User-2-2,Move to Meeting Room
1970-01-02T23:27:00,User-3,Case-User-3-2,Move to Workplace
1970-01-02T23:32:00,User-1,Case-User-1-2,Move to Meeting Room
1970-01-02T23:33:00,User-4,Case-User-4-2,Move to Workplace
1970-01-02T23:42:00,User-2,Case-User-2-2,Move to Meeting Room
1970-01-02T23:54:00,User-5,Case-User-5-2,Move to Coffee Area
1970-01-02T23:56:00,User-1,Case-User-1-2,Move to Coffee Area
1970-01-03T00:00:00,User-1,Case-User-1-2,Strong advice: Drink water now!
1970-01-03T00:00:00,User-1,Case-User-1-2,Take water
1970-01-03T00:00:00,User-2,Case-User-2-2,Casual advice: Drink water now!
1970-01-03T00:00:00,User-3,Case-User-3-2,Casual advice: Drink water now!
1970-01-03T00:00:00,User-4,Case-User-4-2,Strong advice: Drink water now!
1970-01-03T00:00:00,User-4,Case-User-4-2,Take water
1970-01-03T00:00:00,User-5,Case-User-5-2,Casual advice: Drink water now!
1970-01-03T00:06:00,User-1,Case-User-1-2,Take coffee
1970-01-03T00:06:00,User-1,Case-User-1-2,Increased heart rate
1970-01-03T00:11:00,User-3,Case-User-3-2,Move to Workplace
1970-01-03T00:12:00,User-4,Case-User-4-2,Move to Coffee Area
1970-01-03T00:15:00,User-2,Case-User-2-2,Move to Coffee Area
1970-01-03T00:18:00,User-5,Case-User-5-2,Move to Coffee Area
1970-01-03T00:19:00,User-1,Case-User-1-2,Move to Workplace
1970-01-03T00:32:00,User-3,Case-User-3-2,Move to Coffee Area
1970-01-03T00:35:00,User-4,Case-User-4-2,Move to Coffee Area
1970-01-03T00:38:00,User-4,Case-User-4-2,Take coffee
1970-01-03T00:38:00,User-4,Case-User-4-2,Increased heart rate
1970-01-03T00:44:00,User-2,Case-User-2-2,Move to Coffee Area
1970-01-03T00:50:00,User-1,Case-User-1-2,Move to Workplace
1970-01-03T00:52:00,User-5,Case-User-5-2,Take coffee
1970-01-03T00:52:00,User-5,Case-User-5-2,Increased heart rate
1970-01-03T00:55:00,User-5,Case-User-5-2,Move to Workplace
1970-01-03T01:00:00,User-1,Case-User-1-2,Strong advice: Drink water now!
1970-01-03T01:00:00,User-1,Case-User-1-2,Take water
1970-01-03T01:00:00,User-2,Case-User-2-2,Casual advice: Drink water now!
1970-01-03T01:00:00,User-3,Case-User-3-2,Casual advice: Drink water now!
1970-01-03T01:00:00,User-4,Case-User-4-2,Strong advice: Drink water now!
1970-01-03T01:00:00,User-4,Case-User-4-2,Take water
1970-01-03T01:00:00,User-5,Case-User-5-2,Strong advice: Drink water now!
1970-01-03T01:00:00,User-5,Case-User-5-2,Take water
1970-01-03T01:10:00,User-3,Case-User-3-3,Move to Coffee Area
1970-01-03T01:12:00,User-5,Case-User-5-3,Move to Workplace
1970-01-03T01:14:00,User-4,Case-User-4-3,Move to Meeting Room
1970-01-03T01:15:00,User-1,Case-User-1-3,Move to Meeting Room
1970-01-03T01:25:00,User-2,Case-User-2-2,Take coffee
1970-01-03T01:25:00,User-2,Case-User-2-2,Increased heart rate
1970-01-03T01:26:00,User-2,Case-User-2-3,Move to Coffee Area
1970-01-03T01:32:00,User-4,Case-User-4-3,Move to Workplace
1970-01-03T01:34:00,User-5,Case-User-5-3,Move to Workplace
1970-01-03T01:34:00,User-1,Case-User-1-3,Move to Coffee Area
1970-01-03T01:51:00,User-3,Case-User-3-3,Move to Coffee Area
1970-01-03T02:00:00,User-1,Case-User-1-3,Strong advice: Drink water now!
1970-01-03T02:00:00,User-1,Case-User-1-3,Take water
1970-01-03T02:00:00,User-2,Case-User-2-3,Strong advice: Drink water now!
1970-01-03T02:00:00,User-3,Case-User-3-3,Casual advice: Drink water now!
1970-01-03T02:00:00,User-4,Case-User-4-3,Casual advice: Drink water now!
1970-01-03T02:00:00,User-5,Case-User-5-3,Casual advice: Drink water now!
1970-01-03T02:00:00,User-2,Case-User-2-3,Move to Workplace
1970-01-03T02:05:00,User-4,Case-User-4-3,Move to Workplace
1970-01-03T02:10:00,User-1,Case-User-1-3,Move to Workplace
1970-01-03T02:13:00,User-3,Case-User-3-3,Move to Meeting Room
1970-01-03T02:14:00,User-5,Case-User-5-3,Move to Coffee Area
1970-01-03T02:22:00,User-4,Case-User-4-3,Move to Workplace
1970-01-03T02:36:00,User-1,Case-User-1-3,Move to Meeting Room
1970-01-03T02:39:00,User-4,Case-User-4-3,Move to Workplace
1970-01-03T02:41:00,User-2,Case-User-2-3,Move to Workplace
1970-01-03T02:51:00,User-5,Case-User-5-3,Move to Coffee Area
1970-01-03T02:52:00,User-1,Case-User-1-3,Move to Coffee Area
1970-01-03T02:53:00,User-3,Case-User-3-3,Move to Coffee Area
1970-01-03T03:00:00,User-1,Case-User-1-3,Strong advice: Drink water now!
1970-01-03T03:00:00,User-1,Case-User-1-3,Take water
1970-01-03T03:00:00,User-2,Case-User-2-3,Strong advice: Drink water now!
1970-01-03T03:00:00,User-2,Case-User-2-3,Take water
1970-01-03T03:00:00,User-3,Case-User-3-3,Casual advice: Drink water now!
1970-01-03T03:00:00,User-4,Case-User-4-3,Casual advice: Drink water now!
1970-01-03T03:00:00,User-5,Case-User-5-3,Casual advice: Drink water now!
1970-01-03T03:09:00,User-1,Case-User-1-3,Move to Meeting Room
1970-01-03T03:13:00,User-2,Case-User-2-3,Move to Workplace
1970-01-03T03:20:00,User-4,Case-User-4-3,Move to Meeting Room
1970-01-03T03:23:00,User-3,Case-User-3-3,Move to Meeting Room
1970-01-03T03:34:00,User-1,Case-User-1-3,Move to Workplace
1970-01-03T03:36:00,User-5,Case-User-5-3,Move to Workplace
1970-01-03T03:37:00,User-4,Case-User-4-3,Move to Workplace
1970-01-03T03:44:00,User-3,Case-User-3-3,Move to Workplace
1970-01-03T03:50:00,User-2,Case-User-2-3,Move to Meeting Room
1970-01-03T04:00:00,User-1,Case-User-1-3,Strong advice: Drink water now!
1970-01-03T04:00:00,User-2,Case-User-2-3,Casual advice: Drink water now!
1970-01-03T04:00:00,User-3,Case-User-3-3,Casual advice: Drink water now!
1970-01-03T04:00:00,User-4,Case-User-4-3,Casual advice: Drink water now!
1970-01-03T04:00:00,User-5,Case-User-5-3,Casual advice: Drink water now!
1970-01-03T04:07:00,User-4,Case-User-4-3,Move to Workplace
1970-01-03T04:08:00,User-2,Case-User-2-3,Move to Coffee Area
1970-01-03T04:09:00,User-5,Case-User-5-3,Move to Workplace
1970-01-03T04:15:00,User-1,Case-User-1-3,Move to Workplace
1970-01-03T04:24:00,User-3,Case-User-3-3,Move to Workplace
1970-01-03T04:32:00,User-2,Case-User-2-3,Move to Workplace
1970-01-03T04:37:00,User-4,Case-User-4-3,Move to Meeting Room
1970-01-03T04:42:00,User-1,Case-User-1-3,Move to Coffee Area
1970-01-03T04:44:00,User-5,Case-User-5-3,Move to Workplace
1970-01-03T04:45:00,User-3,Case-User-3-3,Move to Meeting Room
1970-01-03T04:54:00,User-4,Case-User-4-3,Move to Coffee Area
1970-01-03T05:00:00,User-1,Case-User-1-3,Strong advice: Drink water now!
1970-01-03T05:00:00,User-2,Case-User-2-3,Casual advice: Drink water now!
1970-01-03T05:00:00,User-3,Case-User-3-3,Casual advice: Drink water now!
1970-01-03T05:00:00,User-4,Case-User-4-3,Casual advice: Drink water now!
1970-01-03T05:00:00,User-5,Case-User-5-3,Casual advice: Drink water now!
1970-01-03T05:05:00,User-5,Case-User-5-3,Move to Meeting Room
1970-01-03T05:10:00,User-1,Case-User-1-3,Move to Workplace
1970-01-03T05:11:00,User-3,Case-User-3-3,Move to Coffee Area
1970-01-03T05:12:00,User-2,Case-User-2-3,Move to Workplace
1970-01-03T05:31:00,User-2,Case-User-2-3,Move to Coffee Area
1970-01-03T05:37:00,User-4,Case-User-4-3,Move to Meeting Room
1970-01-03T05:37:00,User-5,Case-User-5-3,Move to Workplace
1970-01-03T05:51:00,User-1,Case-User-1-3,Move to Meeting Room
1970-01-03T05:52:00,User-3,Case-User-3-3,Move to Meeting Room
1970-01-03T06:00:00,User-1,Case-User-1-3,Strong advice: Drink water now!
1970-01-03T06:00:00,User-1,Case-User-1-3,Take water
1970-01-03T06:00:00,User-2,Case-User-2-3,Casual advice: Drink water now!
1970-01-03T06:00:00,User-3,Case-User-3-3,Casual advice: Drink water now!
1970-01-03T06:00:00,User-4,Case-User-4-3,Casual advice: Drink water now!
1970-01-03T06:00:00,User-5,Case-User-5-3,Casual advice: Drink water now!
1970-01-03T06:06:00,User-4,Case-User-4-3,Move to Meeting Room
1970-01-03T06:12:00,User-2,Case-User-2-3,Move to Meeting Room
1970-01-03T06:12:00,User-5,Case-User-5-3,Move to Meeting Room
1970-01-03T06:16:00,User-1,Case-User-1-3,Move to Meeting Room
1970-01-03T06:16:00,User-3,Case-User-3-3,Move to Meeting Room
1970-01-03T06:29:00,User-2,Case-User-2-3,Move to Coffee Area
1970-01-03T06:43:00,User-4,Case-User-4-3,Move to Coffee Area
1970-01-03T06:44:00,User-1,Case-User-1-3,Move to Meeting Room
1970-01-03T06:44:00,User-2,Case-User-2-3,Move to Workplace
